<?xml version="1.0" encoding="UTF-8"?>
<!DOCTYPE library PUBLIC "-//NetBeans//DTD Library Declaration 1.0//EN" "https://netbeans.org/dtds/library-declaration-1_0.dtd">
<library version="1.0">
    <name>JGuiExtensible</name>
    <type>j2se</type>
    <localizing-bundle>org.myorg.jguiextensiblemodule/Bundle</localizing-bundle>
    <volume>
        <type>classpath</type>
        <resource>jar:nbinst://org.myorg.jguiextensiblemodule/libs/JGuiExtensible.jar!/</resource>
    </volume>
    <volume>
        <type>src</type>
    </volume>
    <volume>
        <type>javadoc</type>
    </volume>
</library>



