<?xml version="1.0" encoding="UTF-8"?>
<project-private xmlns="http://www.netbeans.org/ns/project-private/1">
    <editor-bookmarks xmlns="http://www.netbeans.org/ns/editor-bookmarks/2" lastBookmarkId="1">
        <file>
            <url>src/jguiextensible/JGuiTabbed.java</url>
            <bookmark id="1">
                <name/>
                <line>47</line>
                <key/>
            </bookmark>
        </file>
    </editor-bookmarks>
    <open-files xmlns="http://www.netbeans.org/ns/projectui-open-files/2">
        <group>
            <file>file:/home/a31r1z/NetBeansProjects/JGuiExtensible/src/jguiextensible/JGestor.java</file>
            <file>file:/home/a31r1z/NetBeansProjects/JGuiExtensible/src/jguiextensible/JGuiTabbed.java</file>
            <file>file:/home/a31r1z/NetBeansProjects/JGuiExtensible/src/jguiextensible/JGuiSimple.java</file>
            <file>file:/home/a31r1z/NetBeansProjects/JGuiExtensible/src/jguiextensible/JGuiTree.java</file>
            <file>file:/home/a31r1z/NetBeansProjects/JGuiExtensible/src/jguiextensible/package-info.java</file>
            <file>file:/home/a31r1z/NetBeansProjects/JGuiExtensible/src/jguiextensible/JFactory.java</file>
        </group>
    </open-files>
</project-private>
